step,ms_per_step,samples_per_sec
0,519.6953999984544,61.574530003719815
1,2.467199999955483,12970.168612425987
2,2.040200008195825,15684.73672750252
3,2.033199998550117,15738.736977581806
4,2.07349999982398,15432.843020360015
5,2.1290000004228204,15030.53076263259
6,2.0820000063395128,15369.836648685266
7,2.361799997743219,13548.988072900795
8,2.071399998385459,15448.488956716335
9,2.06090000574477,15527.19681246049
10,2.0256999996490777,15797.008444262983
11,2.4558000004617497,13030.377064086337
12,2.1606000082101673,14810.70067499846
13,2.3563000140711665,13580.613592880756
14,2.0232000097166747,15816.528196083404
15,2.041200001258403,15677.052704424823
16,2.0853000023635104,15345.51381754698
17,2.1307999995769933,15017.833680473364
18,2.1246999967843294,15060.949803939875
19,4.189700004644692,7637.778352751957
20,4.896300000837073,6535.5472488469395
21,4.679100005887449,6838.922006312368
22,4.297599996789359,7446.016386798792
23,4.1668000048957765,7679.754238840751
24,4.443600002559833,7201.368255820888
25,2.1643999934894964,14784.697882210234
26,1.9234000064898282,16637.20489343215
27,1.967600008356385,16263.468115519516
28,1.9126999977743253,16730.276591852435
29,1.9268000032752752,16607.8471795748
30,2.032599993981421,15743.382906008459
31,1.9287999894004315,16590.62638731516
32,1.9355000113137066,16533.19546006111
33,1.902799995150417,16817.321884358313
34,1.92020001122728,16664.9306389429
35,1.8733000033535063,17082.154456154854
36,2.0083999988855794,15933.081068390835
37,2.2301999997580424,14348.488926316799
38,1.9191999890608713,16673.61410087266
39,1.9139999931212515,16718.91333072372
40,1.9659999961731955,16276.703999129077
41,1.912299994728528,16733.77612728737
42,1.9078000041190535,16773.24663534443
43,2.323900000192225,13769.955676816158
44,2.3655000113649294,13527.795327101061
45,1.963699993211776,16295.768249029548
46,2.0289999956730753,15771.315952804976
47,2.026699992711656,15789.214049971493
48,1.9131000008201227,16726.7785198275
49,2.092299997457303,15294.173894225707
50,1.9249999895691872,16623.37671345212
51,1.9808000070042908,16155.088795862814
52,2.0397999905981123,15687.812602948843
53,1.9543000089470297,16374.149236811134
54,1.9362000020919368,16527.218244719606
55,2.0474000048125163,15629.578941478167
56,1.9570000004023314,16351.558504558638
57,2.1932999952696264,14589.887415773319
58,1.9911999988835305,16070.711137978335
59,1.9327000045450404,16557.147992314945
60,1.9538999913493171,16377.50147995116
61,1.9406000064918771,16489.745384391736
62,2.296599996043369,13933.641058578018
63,1.9995999900856987,16003.200719474173
64,2.3618999985046685,13548.414420703404
65,2.061499995761551,15522.67769381134
66,1.96610001148656,16275.876004804522
67,1.9737000111490488,16213.203536119066
68,1.9558000058168545,16361.591116078846
69,1.9896000012522563,16083.63489136468
70,1.945800002431497,16445.677849733984
71,3.319399998872541,9640.296442389901
72,4.524000003584661,7073.386378126505
73,2.275200007716194,14064.697561301893
74,2.118399992468767,15105.740234972078
75,2.078999998047948,15392.01540646754
76,2.1543000038946047,14854.012877570205
77,2.0340000046417117,15732.546670095406
78,2.116200004820712,15121.444063464642
79,2.077100012684241,15406.09494226825
80,2.0182000007480383,15855.71300571763
81,2.114100003382191,15136.464665250265
82,2.2511999995913357,14214.641082893131
83,2.176900001359172,14699.802462226302
84,2.3342000058619305,13709.193693615654
85,2.1275000035529956,15041.128059487162
86,2.035099998465739,15724.043056422182
87,1.9914000004064292,16069.097114326127
88,1.9730000058189034,16218.955856879606
89,2.1680999925592914,14759.466864914391
90,2.7765000122599304,11525.301587862634
91,2.0259000011719763,15795.448927137622
92,2.1821999980602413,14664.100462123002
93,2.0952000049874187,15273.004927370719
94,2.2523999941768125,14207.068053068026
95,2.729400002863258,11724.188454030418
96,2.2955000022193417,13940.318000026866
97,2.473799992003478,12935.564760061252
98,3.962400005548261,8075.913576416496
99,2.258399996208027,14169.323438597987
100,2.2742000001017004,14070.882067790426
101,2.2907999955350533,13968.919182106896
102,2.2052999993320554,14510.497442385256
103,2.204500007792376,14515.763160302888
104,2.199900001869537,14546.115720171598
105,2.1884000016143546,14622.555280750325
106,2.7319999935571104,11713.03077432861
107,2.5117000041063875,12740.375023961096
108,2.2662999981548637,14119.931176831486
109,2.3164000012911856,13814.539795442439
110,2.2955000022193417,13940.318000026866
111,2.2782000014558434,14046.176797274587
112,2.403899998171255,13311.701828006035
113,2.2844000050099567,14008.05460069176
114,2.28909999714233,13979.293189440483
115,2.294100006110966,13948.825210217166
116,2.2693999926559627,14100.643387483762
117,2.3320000036619604,13722.126908126122
118,3.0131999956211075,10619.938950784406
119,2.406600004178472,13296.767200382212
120,2.3037000064505264,13890.697534573812
121,2.3381000064546242,13686.326466643815
122,2.6603000005707145,12028.718562994789
123,2.9249000072013587,10940.544948960036
124,2.4462000001221895,13081.514184613514
125,2.2834999981569126,14013.57566272312
126,2.3299000022234395,13734.495029598773
127,2.7535999979590997,11621.150502512206
128,2.311099990038201,13846.220474204172
129,2.5437000003876165,12580.099852625603
130,3.050800005439669,10489.05203321851
131,2.257499989354983,14174.972381347872
132,2.2597999923164025,14160.54522913706
133,2.2192000033101067,14419.610649003944
134,2.4040999996941537,13310.594402924586
135,2.2404000046662986,14283.163691015217
136,2.181499992730096,14668.805916406514
137,2.2098999907029793,14480.293286856231
138,2.42019999132026,13222.047812066747
139,2.18460000178311,14647.990466850233
140,2.53060000250116,12645.22246438484
141,2.338699996471405,13682.815259879897
142,2.2001999896019697,14544.13242033921
143,2.7464000013424084,11651.616656116652
144,2.2052000131225213,14511.155364400985
145,2.176900001359172,14699.802462226302
146,2.7439999976195395,11661.807590291717
147,2.286700007971376,13993.965053766931
148,2.645999993546866,12093.726408935161
149,2.8796000115107745,11112.654490930941
150,2.2333999950205907,14327.930541481432
151,2.174399996874854,14716.703479576825
152,2.464500008500181,12984.378125230445
153,2.378099990892224,13456.120483812847
154,2.22609999764245,14374.915787201646
155,2.318099999683909,13804.408784937426
156,2.2019000025466084,14532.903384799667
157,2.2785000037401915,14044.327385328737
158,2.3842999944463372,13421.129922634076
159,2.6445999974384904,12100.128575585946
160,2.195200009737164,14577.259410558872
161,2.394900002400391,13361.726989822804
162,2.259699991554953,14161.171889893243
163,2.175899993744679,14706.558248078609
164,2.5716999953147024,12443.13102550833
165,2.2585999977309257,14168.068729367042
166,2.124299993738532,15063.78576204934
167,2.162100005079992,14800.425477458932
168,2.1622000058414415,14799.740964549153
169,2.1575999999186024,14831.294030963678
170,3.2940999954007566,9714.337768944053
171,2.2293999936664477,14353.637790844854
172,2.0575999951688573,15552.099569952572
173,2.0954000065103173,15271.547151177523
174,2.103000006172806,15216.3575397396
175,2.116899995598942,15116.44388800999
176,2.258399996208027,14169.323438597987
177,2.1126000065123662,15147.211919604188
178,2.0585000020219013,15545.299960441553
179,2.014700003201142,15883.258028071394
180,2.169200000935234,14751.982291261038
181,3.0442999996012077,10511.44762480435
182,2.199900001869537,14546.115720171598
183,2.1149000094737858,15130.738974256286
184,2.0708999945782125,15452.218882504538
185,2.1475000103237107,14901.047658284468
186,2.081299986457452,15375.006105903405
187,2.241800000774674,14274.243906210238
188,2.693999995244667,11878.247979393105
189,2.2419000015361235,14273.607198391534
190,2.0183000015094876,15854.927402302523
191,2.052900003036484,15587.705174469376
192,1.9400000019231811,16494.8453444729
193,4.182899996521883,7650.194847261057
194,2.7709999994840473,11548.17755538012
195,4.0606999973533675,7880.414711960145
196,3.1312999926740304,10219.397718157634
197,2.1801000111736357,14678.225694230014
198,2.2070999984862283,14498.66341441152
199,2.057700010482222,15551.343654073658
200,2.1612999989883974,14805.903861091792
201,2.1222999930614606,15077.981484530543
202,2.927199995610863,10931.948636233199
203,2.282400004332885,14020.329451126674
204,2.761999989161268,11585.80743141762
205,2.326400004676543,13755.158156668418
206,2.248499993584119,14231.710069516994
207,4.566300005535595,7007.86193662425
208,4.9116000009234995,6515.188532043168
209,4.937999998219311,6480.356421939955
210,2.275300008477643,14064.07940964697
211,2.1089999936521053,15173.067850316282
212,2.074799995170906,15423.173353807573
213,2.137799994670786,14968.659406759842
214,2.0884999976260588,15322.001453853738
215,2.7823999989777803,11500.862568917628
216,2.6341000047978014,12148.361847201919
217,2.3050000017974526,13882.863329738053
218,2.352800001972355,13600.816037561359
219,2.11499999568332,15130.023671542067
220,2.176200010580942,14704.530762067921
221,2.1254000021144748,15055.98944582878
222,2.063600011751987,15506.881090212897
223,2.045799992629327,15641.802774118005
224,2.0366999960970134,15711.690509806313
225,2.058799989754334,15543.034854890588
226,2.055699995253235,15566.473743197155
227,2.0742999913636595,15426.891063603087
228,2.0612999942386523,15524.183810915549
229,2.0665999909397215,15484.3705314491
230,2.358400000957772,13568.521025697273
231,2.0970000041415915,15259.895058082855
232,2.027099995757453,15786.098400164403
233,2.0588000043062493,15543.034745030025
234,2.0318999886512756,15748.80662371616
235,2.02460000582505,15805.591182422027
236,2.0434000034583732,15660.17419293397
237,2.540500005125068,12595.945654573872
238,2.287300012540072,13990.294156674114
239,2.3736000002827495,13481.631275778596
240,2.1747999999206513,14713.996689887592
241,2.26979999570176,14098.15845475252
242,2.2658000088995323,14123.046991928453
243,2.337099998840131,13692.18262628092
244,2.421799988951534,13213.312472535648
245,2.4713999882806093,12948.126629337281
246,2.476400011801161,12921.983462891938
247,2.4276999902212992,13181.200366146977
248,2.3267999931704253,13752.79357655395
249,2.54760000098031,12560.841571552237
250,2.4608999956399202,13003.372772845602
251,2.355300006456673,13586.37961715161
252,2.3615999962203205,13550.135523041654
253,2.461700001731515,12999.14692183929
254,2.842000001692213,11259.676277602473
255,2.822999987984076,11335.45878009423
256,2.432199995382689,13156.812787085395
257,2.418300005956553,13232.435976173467
258,2.332299991394393,13720.361925169163
259,2.728100007516332,11729.775269174559
260,2.73429999651853,11703.178159215984
261,2.5879999884637073,12364.760487883887
262,2.318900005775504,13799.646349691702
263,2.3686000058660284,13510.090315270381
264,2.3622000007890165,13546.693755529352
265,2.3277000000234693,13747.476049180459
266,2.6292999973520637,12170.539699626066
267,2.3270999954547733,13751.020610417045
268,2.40979999944102,13279.110302690164
269,2.3428999993484467,13658.286742455548
270,2.4528000067221,13046.314380422933
271,2.37129999732133,13494.70755962884
272,2.52320000436157,12682.308158166308
273,2.3509000020567328,13611.8082317428
274,2.267699994263239,14111.214041078034
275,2.809400000842288,11390.332451913597
276,2.271600009407848,14086.987087282869
277,2.5968999980250373,12322.384390749066
278,2.4685999960638583,12962.812951074888
279,2.3355000012088567,13701.562827418871
280,2.3025999980745837,13897.333460765289
281,2.325199995539151,13762.257036552275
282,2.2878000017954037,13987.23663558321
283,2.510899998014793,12744.43427667384
284,2.336799996555783,13693.940451542667
285,2.7116999990539625,11800.715422489184
286,4.634800003259443,6904.289284865768
287,4.647299996577203,6885.718594359825
288,4.412099995533936,7252.78212923356
289,2.3114000068744645,13844.423252066716
290,2.136600000085309,14977.066366527342
291,2.152000000933185,14869.888469388308
292,2.2560999932466075,14183.768492437639
293,2.121800003806129,15081.5345190865
294,2.3963999992702156,13353.363382467483
295,2.034799996181391,15726.361342664057
296,2.0192000083625317,15847.860473193228
297,1.9516000029398128,16396.802598788927
298,2.010300013353117,15918.022080010343
299,2.06389999948442,15504.6271660419
300,2.0407999982126057,15680.125454736655
301,2.1183000062592328,15106.453243376856
302,1.9526000105543062,16388.4051147351
303,2.0884999976260588,15322.001453853738
304,2.058499987469986,15545.30007033414
305,2.0871000015176833,15332.279227986419
306,2.1616000012727454,14803.848992023719
307,2.3973000061232597,13348.35019324431
308,2.374900010181591,13474.251489667222
309,2.523300005123019,12681.805546320638
310,2.5419000012334436,12589.008216087244
311,3.4481000038795173,9280.473293696889
312,2.4255000025732443,13193.156036302118
313,2.34170000476297,13665.285875608599
314,2.327299996977672,13749.838886931862
315,2.2886999940965325,13981.73639294828
316,3.572399989934638,8957.56356795463
317,2.347300003748387,13632.684338984971
318,2.2110999998403713,14472.434535891734
319,2.195300010498613,14576.595384214443
320,2.1701999939978123,14745.184816377923
321,2.8843000036431476,11094.54632305271
322,2.4688999983482063,12961.23780688132
323,2.2779999999329448,14047.41000919313
324,2.1613999997498468,14805.21884135448
325,2.3169999913079664,13810.962503256516
326,2.4193999997805804,13226.419774697088
327,2.376799995545298,13463.48033489389
328,2.2019000025466084,14532.903384799667
329,2.093100003548898,15288.328290928903
330,2.079300000332296,15389.794639968275
331,2.032899996265769,15741.05959898704
332,2.2587999992538244,14166.814242328197
333,2.062799991108477,15512.895160913933
334,2.1446999890031293,14920.501778374051
335,2.060200000414625,15532.472572352126
336,2.0345999946584925,15727.90724663852
337,2.0564000005833805,15561.174864288034
338,2.0712000114144757,15449.980602378608
339,2.0541999983834103,15577.84053411692
340,2.1004000009270385,15235.1932897907
341,2.059899998130277,15534.734709959539
342,2.0491000032052398,15616.61214676932
343,2.0923000120092183,15294.173787854957
344,2.005199989071116,15958.507966491465
345,1.946100004715845,16443.142655802214
346,2.0729000098071992,15437.309975687793
347,2.030199990258552,15761.99396785767
348,2.1109000081196427,15159.41061959875
349,2.1262000082060695,15050.324464535788
350,2.951299989945255,10842.679534110519
351,2.8793000092264265,11113.812349341586
352,2.6920999953290448,11886.631275035073
353,3.0298000056063756,10561.753231496086
354,3.5365000076126307,9048.49425452203
355,2.8440000023692846,11251.75807782749
356,2.758599992375821,11600.08703271266
357,2.9414000018732622,10879.173175909586
358,2.686000007088296,11913.62617853786
359,2.629399998113513,12170.076832341481
360,2.6000999932875857,12307.218984889487
361,2.5800000003073364,12403.100773716309
362,2.584400004707277,12381.984190417339
363,4.009500000393018,7981.045017299739
364,3.2303000043611974,9906.200649102902
365,2.606599999126047,12276.528815594687
366,2.344799999264069,13647.219383334788
367,2.6649000064935535,12007.95524110687
368,2.623599997605197,12196.981258274647
369,2.9417000041576102,10878.063689286213
370,2.3502999974880368,13615.28316989367
371,2.276800005347468,14054.813740707279
372,2.2277999960351735,14363.946519862893
373,2.4073999957181513,13292.348615483852
374,2.420799995888956,13218.77067677749
375,2.1231999999145046,15071.590053357457
376,2.2105999960331246,14475.70797856841
377,2.1523999894270673,14867.125142719342
378,2.1321000094758347,15008.676824623732
379,2.290999997057952,13967.699712393558
380,2.155599999241531,14845.054746362737
381,2.176199996029027,14704.530860394862
382,2.1946000051684678,14581.24483944104
383,2.201499999500811,14535.54395060458
384,2.528199998778291,12657.226491362806
385,2.9500999953597784,10847.089946216365
386,2.6215999969281256,12206.286251715052
387,2.787799996440299,11478.585279023006
388,2.852999998140149,11216.263589505987
389,3.1887999939499423,10035.12294929537
390,2.9577999957837164,10818.85186476954
391,2.434699999867007,13143.303077072314
392,2.378399993176572,13454.423180207403
393,2.299300002050586,13917.279159510033
394,2.301200001966208,13905.788272491885
395,3.0529000068781897,10481.836918308472
396,2.162300006602891,14799.056514953265
397,2.1302999957697466,15021.358523937546
398,2.081800004816614,15371.313251014659
399,2.108599990606308,15175.946192999225
400,2.0644000032916665,15500.871899329732
401,2.1858999971300364,14639.279034729036
402,2.027399998041801,15783.762469620078
403,2.08240000938531,15366.884294937105
404,2.255900006275624,14185.025892539612
405,2.5348000053782016,12624.270132595917
406,2.073800002108328,15430.610457839333
407,2.2625999990850687,14143.021308644875
408,2.1895999961998314,14614.54149412574
409,2.047600006335415,15628.052305621119
410,2.116299991030246,15120.729639289904
411,2.077899989672005,15400.163703283513
412,2.03719999990426,15707.834283086524
413,2.034400007687509,15729.453342056471
414,2.104800005326979,15203.34469736417
415,2.0603999873856083,15530.964956277265
416,2.2191000025486574,14420.260449392861
417,2.1704999962821603,14743.14676563587
418,2.0406999974511564,15680.893830532732
419,2.064600004814565,15499.3703019361
420,2.516799999284558,12714.558172717947
421,2.1010999917052686,15230.117617595419
422,2.4004000006243587,13331.11147795226
423,2.1118000004207715,15152.950086951449
424,2.0791999995708466,15390.534824261687
425,1.9621999963419512,16308.225491619756
426,1.9769999926211312,16186.140677509058
427,2.0406999974511564,15680.893830532732
428,2.5197999930242077,12699.420624092596
429,2.1622999920509756,14799.056614548426
430,2.1235000021988526,15069.460780251697
431,2.1853000071132556,14643.298355300634
432,2.2301999997580424,14348.488926316799
433,2.5700999976834282,12450.877408989281
434,2.2144999966258183,14450.21451738887
435,2.1763000113423914,14703.855090393383
436,2.1770000021206215,14699.127225001706
437,2.177700007450767,14694.402300829055
438,2.1619999897666276,14801.110153314186
439,2.187699996284209,14627.23410629965
440,2.5631000025896356,12484.881576087046
441,2.3136999952839687,13830.660874454696
442,2.10460000380408,15204.789481212469
443,2.1954000112600625,14575.931418362987
444,2.132500012521632,15005.86157660123
445,2.231699996627867,14338.844848479854
446,2.139899996109307,14953.96983886224
447,2.0495999924605712,15612.802555479904
448,2.0379000052344054,15702.438744691628
449,2.0176999969407916,15859.642190869778
450,1.9675000075949356,16264.294727559709
451,3.6182000039843842,8844.17665268957
452,3.922799995052628,8157.438574578842
453,3.913400010787882,8177.032736696258
454,2.60389999311883,12289.258452538299
455,2.0524999999906868,15590.742996416662
456,2.2840000019641593,14010.507868862142
457,2.0124000002397224,15901.411248354241
458,2.001799992285669,15985.6130099502
459,1.9640999962575734,16292.449498993583
460,2.225799995358102,14376.853296224228
461,2.016200000070967,15871.441324706702
462,2.221500006271526,14404.681480828567
463,2.057499994407408,15552.85544932237
464,1.9497999892337248,16411.939776744006
465,2.0155999955022708,15876.165941360734
466,1.9509000121615827,16402.685837571058
467,4.145700004301034,7718.841200955449
468,4.231000013533048,7563.223799963726
469,2.111900001182221,15152.232578288136
470,2.026100002694875,15793.889717900123
471,2.768999998806976,11556.518603751249
472,1.9997999916085973,16001.600227160652
473,1.999099986278452,16007.203351329903
474,2.1056999976281077,15196.846671437186
475,2.031399999395944,15752.682883487005
476,1.9903000065824017,16077.978141068326
477,1.968900003703311,16252.729920164094
478,1.9860000029439107,16112.78950280231
479,1.9604999979492277,16322.3667602517
480,1.9863000052282587,16110.355895771481
481,2.247000011266209,14241.210431488893
482,1.9674999930430204,16264.294847852792
483,2.0472999894991517,15630.342482358157
484,1.9441000040387735,16460.058604763926
485,1.975300008780323,16200.070803299826
486,1.9305999885546044,16575.15808023891
487,2.0308999955886975,15756.561164757968
488,2.013100005569868,15895.881929095445
489,2.1382999984780326,14965.159249299202
490,1.99280001106672,16057.808020018434
491,1.959399989573285,16331.53014712882
492,1.963300004717894,16299.088230582505
493,2.031600000918843,15751.132105496745
494,2.151699998648837,14871.961714037478
495,2.141200006008148,14944.890673551692
496,2.4080000002868474,13289.036543267473
497,2.0462999964365736,15637.980772968183
498,1.980899993213825,16154.273365452938
499,1.9619999948190525,16309.887912589538
500,1.985800001421012,16114.412315994172
501,2.105500010657124,15198.290115426233
502,3.930099992430769,8142.286471497124
503,2.6784000074258074,11947.43126914601
504,1.993199999560602,16054.585594548642
505,2.163299999665469,14792.215598829776
506,2.7202000055694953,11763.840869965938
507,2.48239999928046,12890.750889975592
508,2.2033999994164333,14523.009897646885
509,2.376799995545298,13463.48033489389
510,2.1630999981425703,14793.583295953975
511,2.1791999897686765,14684.28788098371
512,2.7960000006714836,11444.921313417355
513,2.268500000354834,14106.23759973314
514,2.184900004067458,14645.9791937517
515,2.0721999899251387,15442.524927893686
516,2.0886999991489574,15320.534309876204
517,1.9944999949075282,16044.121374632357
518,2.507299999706447,12762.732821659369
519,2.085299987811595,15345.513924633067
520,2.010700001846999,15914.855508333058
521,2.0252999966032803,15800.128402542145
522,2.0774000004166737,15403.870219303752
523,2.1315999911166728,15012.197472958464
524,2.4006000021472573,13330.000821201807
525,2.217499990365468,14430.66522617033
526,2.109199995175004,15171.629088376185
527,2.0431000011740252,15662.473682938604
528,1.990100005059503,16079.593949372014
529,1.959999994141981,16326.530661041392
530,2.2508999973069876,14216.535624987919
531,2.1410999906947836,14945.58878103402
532,1.9775000109802932,16182.047950602462
533,1.9712999928742647,16232.94278682679
534,1.9383999897399917,16508.46067343012
535,1.9444000063231215,16457.518975487095
536,1.9890999974450096,16087.677864915722
537,2.070700007607229,15453.711248582644
538,1.9519000052241609,16394.282450101764
539,1.9780000002356246,16177.957530934314
540,1.9500000053085387,16410.256365582318
541,1.94089999422431,16487.196710404936
542,1.939399997354485,16499.948460168536
543,1.9478999893181026,16427.948136701914
544,1.9799000001512468,16162.43244484847
545,1.9612999894889072,16315.709055981202
546,1.9613000040408224,16315.708934926384
547,1.9544999959180132,16372.473812653989
548,1.9727000035345554,16221.422386913613
549,2.374000003328547,13479.359711513614
550,2.720100004808046,11764.27335150797
551,2.310700001544319,13848.617292860741
552,2.6148000033572316,12238.029661509141
553,2.420799995888956,13218.77067677749
554,2.4574999988544732,13021.363180026987
555,2.396500000031665,13352.806175496426
556,2.3846999974921346,13418.878699061828
557,2.398700002231635,13340.559457301346
558,2.418000003672205,13234.077730108253
559,2.7033999940613285,11836.946093917191
560,2.3432000016327947,13656.538058083679
561,2.3739999887766317,13479.359794138087
562,2.226399999926798,14372.97880032884
563,2.1089999936521053,15173.067850316282
564,2.0145999878877774,15884.046556334313
565,2.1803999989060685,14676.20620806034
566,1.9574000034481287,16348.216993782182
567,2.00980000954587,15921.982211170676
568,1.9772000086959451,16184.50326687257
569,1.9749999919440597,16202.531711659052
570,1.9892999989679083,16086.06043161026
571,2.121499986969866,15083.667309235074
572,2.1689999994123355,14753.34255816967
573,2.030999996350147,15755.785355739194
574,2.029799987212755,15765.100109169476
575,2.0081999973626807,15934.66788269336
576,2.002399996854365,15980.82303748993
577,2.020300002186559,15839.231780115122
578,2.0351999992271885,15723.270446222054
579,1.9635000062407926,16297.428010334164
580,1.960900000995025,16319.037168525752
581,1.9386999920243397,16505.90608740161
582,2.0253999973647296,15799.348297440285
583,2.0668999932240695,15482.123036869607
584,2.3403999948641285,13672.876461383583
585,2.0746000081999227,15424.660114489048
586,1.9749000057345256,16203.352021409419
587,2.0241999882273376,15808.714645840659
588,1.9577999919420108,16344.876969918705
589,1.960200010216795,16324.864724626163
590,2.3089999885996804,13858.813407533522
591,2.1317999926395714,15010.789056424543
592,2.093800008879043,15283.217052392614
593,1.938100002007559,16511.015926347023
594,2.0003999961772934,15996.80067044145
595,1.9757999980356544,16195.971268253104
596,2.0475000055739656,15628.815586268875
597,2.099999997881241,15238.095253469452
598,1.968900003703311,16252.729920164094
599,2.0299000025261194,15764.323346065046
600,1.9398000004002824,16496.546032269678
601,1.9959000055678189,16032.867333399417
602,1.9241999980295077,16630.28792888985
603,2.1936999983154237,14587.227070507954
604,2.3187999904621392,13800.241560990506
605,2.204500007792376,14515.763160302888
606,2.1770000021206215,14699.127225001706
607,2.1410000044852495,14946.286750566172
608,2.2790999937569723,14040.630111735352
609,2.204299991717562,14517.080306780754
610,2.2050999978091568,14511.813537614216
611,2.0764000073540956,15411.288714440334
612,2.0413000020198524,15676.28470500966
613,2.1050999930594116,15201.178141420893
614,2.0332999993115664,15737.962922753428
615,2.3649999930057675,13530.655431135961
616,2.2303000005194917,14347.845577969965
617,2.1572999976342544,14833.356526719486
618,2.1247999975457788,15060.240981250548
619,2.2179000079631805,14428.062529918721
620,3.0024000006960705,10658.14015207207
621,2.6822000072570518,11930.504777205171
622,2.231599995866418,14339.487389887725
623,2.2855999995954335,14000.700037479968
624,2.25430000864435,14195.093766265645
625,2.5138999917544425,12729.225547937293
626,2.3302999907173216,13732.137547728196
627,2.399900011369027,13333.888848871477
628,2.2348000056808814,14318.9546799068
629,2.307000002474524,13870.827900163113
630,3.9032000058796257,8198.401299394463
631,5.246899992926046,6098.839322865484
632,5.872000008821487,5449.591272467047
633,5.538600002182648,5777.633334667508
634,4.703200000221841,6803.878210259105
635,5.659300004481338,5654.409551474684
636,4.980799989425577,6424.670749264613
637,4.795699991518632,6672.644255602551
638,3.2741000031819567,9773.678253230071
639,3.0199999891920015,10596.026527987364
640,3.273900001659058,9774.275324165035
641,3.257899996242486,9822.278165968062
642,3.4235999919474125,9346.886340479794
643,2.6941999967675656,11877.36620829664
644,2.747599995927885,11646.527896136991
645,2.5682999985292554,12459.603635994587
646,3.0097999988356605,10631.935680902114
647,2.6631000073393807,12016.07146250966
648,2.64910000259988,12079.57418315449
649,2.632400006405078,12156.207233755717
650,2.7548000070964918,11616.088252347367
651,2.676199990673922,11957.252862833224
652,2.6569000037852675,12044.111541424147
653,2.78319999051746,11497.556808359459
654,2.6031000015791506,12293.035219771598
655,2.8946999955223873,11054.686167650741
656,2.5544000091031194,12527.403650940161
657,2.6123999996343628,12249.272701147906
658,2.5498000031802803,12550.003906223024
659,2.5833999970927835,12386.777129368678
660,3.0563000036636367,10470.176344482243
661,2.659799996763468,12030.979787554948
662,2.522399998269975,12686.330487610081
663,2.9839999915566295,10723.860620156009
664,2.5409000081708655,12593.962728598695
665,2.5815999979386106,12395.413706829786
666,2.5261999981012195,12667.247258353385
667,4.710099994554184,6793.910965159633
668,4.2791000014403835,7478.208031882525
669,2.5711999915074557,12445.550756726194
670,2.539900000556372,12598.921214610935
671,2.5535000022500753,12531.819060819449
672,2.492800005711615,12836.970445555266
673,3.274799993960187,9771.589122700187
674,2.5901000044541433,12354.73531715773
675,2.632400006405078,12156.207233755717
676,2.6243000029353425,12193.727837597544
677,2.5668000016594306,12466.884829091503
678,4.878200008533895,6559.796634828294
679,4.3372999934945256,7377.861814492078
680,5.021899996791035,6372.09024879982
681,4.823900002520531,6633.636680544727
682,3.784600005019456,8455.31891284651
683,4.708399996161461,6796.363950830029
684,2.7418000099714845,11671.164885703245
685,8.74900000053458,3657.5608638752706
686,6.480700001702644,4937.738205995153
687,7.909799998742528,4045.6143018897124
688,3.450500007602386,9274.018237790271
689,2.7951000083703548,11448.6064556442
690,3.320600008009933,9636.812600978672
691,3.0110000079730526,10627.698410914913
692,2.8812000091420487,11106.483374449532
693,2.5808999926084653,12398.775656416747
694,2.744800003711134,11658.408611459517
695,2.9466999985743314,10859.60566582353
696,2.684100007172674,11922.059503925693
697,2.6890000008279458,11900.334693249226
698,12.28020001144614,2605.820749676179
699,6.955099990591407,4600.940323401299
700,6.904399997438304,4634.725683893279
701,3.8717999996151775,8264.889716199317
702,6.135599993285723,5215.463856023546
703,6.7596000008052215,4734.007928899354
704,6.1649999988731,5190.5920528547085
705,4.169699997873977,7674.413031229101
706,4.654900010791607,6874.476342308825
707,4.986399988410994,6417.45549381757
708,7.020999997621402,4557.755307056127
709,3.277299998444505,9764.135115853924
710,2.9601999995065853,10810.08040177483
711,2.9319999885046855,10914.05188453631
712,3.151800003251992,10152.928474834303
713,3.444000001763925,9291.521481884569
714,3.877800001646392,8252.101703649958
715,3.324399993289262,9625.797155756287
716,3.00989999959711,10631.58244602258
717,2.545799987274222,12569.722743326067
718,2.446700003929436,13078.840866721514
719,2.6174999948125333,12225.405945909795
720,2.3326000082306564,13718.597225022268
721,2.276899991557002,14054.19654734927
722,2.1514999971259385,14873.34419834855
723,2.1671000140486285,14766.277418002886
724,2.1508000063477084,14878.184817536554
725,2.2804000036558136,14032.625832616794
726,2.108500004396774,15176.665844568002
727,2.6664000033633783,12001.200104873771
728,2.159900002880022,14815.50069787075
729,2.1733999892603606,14723.474812793233
730,2.304200010257773,13887.683298994574
731,2.2544999956153333,14193.834580720884
732,2.187600010074675,14627.902657080194
733,2.1970999951008707,14564.653439239963
734,2.1249999990686774,15058.823536011587
735,2.18390001100488,14652.68548868948
736,2.1983000042382628,14556.702878726683
737,2.314400000614114,13826.477701135917
738,3.289899992523715,9726.739436675849
739,3.882700009853579,8241.687464596771
740,2.138099996955134,14966.559115837037
741,2.2514000011142343,14213.378335330446
742,2.6895999908447266,11897.67999290843
743,2.713399997446686,11793.322042497255
744,2.388199995039031,13399.212824082188
745,2.2410999954445288,14278.702451941555
746,2.1990999957779422,14551.407421871167
747,2.4553999974159524,13032.499810082512
748,4.340200001024641,7372.93212120303
749,4.188800012343563,7639.419381613432
750,3.2103999983519316,9967.6052879477
751,2.6720000023487955,11976.047893664188
752,2.231399994343519,14340.772645477415
753,2.039300001342781,15691.658892232403
754,2.036299993051216,15714.77685468673
755,2.0589999912772328,15541.525077982082
756,2.031600000918843,15751.132105496745
757,2.076200005831197,15412.77329261395
758,2.041899992036633,15671.678399921311
759,2.03789999068249,15702.438856817129
760,2.0271999965189025,15785.319679829438
761,2.022999993641861,15818.09199237451
762,1.9601000094553456,16325.69758973261
763,2.0921999966958538,15294.904908965014
764,2.664400002686307,12010.208665266811
765,2.0302000048104674,15761.993854880033
766,1.9533000013325363,16382.532113945466
767,1.9543000089470297,16374.149236811134
768,1.9281999993836507,16595.78882389213
769,2.1418999967863783,14940.006558668252
770,2.122400008374825,15077.270954452739
771,2.132900001015514,15003.047486878988
772,1.9961999933002517,16030.457923755152
773,2.0046999998157844,15962.488154307646
774,1.9923000072594732,16061.838018069326
775,3.872300003422424,8263.822527107324
776,2.325699999346398,13759.298279654773
777,4.218299989588559,7585.9943766401475
778,4.396500007715076,7278.516989388306
779,2.6728999946499243,11972.015437933027
780,3.0217000021366403,10590.065187600636
781,2.884400004404597,11094.1616804655
782,2.581399996415712,12396.374077799712
783,3.875700000207871,8256.57300572379
784,2.4921000003814697,12840.576218892384
785,2.787499994155951,11479.820651870363
786,2.6083999982802197,12268.057054553889
787,4.199499991955236,7619.954771115786
788,3.947699995478615,8105.98577314646
789,4.093799987458624,7816.698445950499
790,3.566700004739687,8971.878755565678
791,2.6077000075019896,12271.350196702251
792,2.464100005454384,12986.48590932459
793,2.401400008238852,13325.560044229484
794,2.53800000064075,12608.353030701812
795,2.6243000029353425,12193.727837597544
796,2.5384000036865473,12606.366196630175
797,2.6217999984510243,12205.355106760928
798,2.5425000058021396,12586.037336076324
799,2.9017000051680952,11028.018038738033
800,3.0172999977367,10605.508243795264
801,5.0211000052513555,6373.105488146533
802,2.681999991182238,11931.394520957569
803,3.074499996728264,10408.196465783989
804,2.631499999552034,12160.364813014414
805,2.6585000014165416,12036.862886194953
806,2.998500000103377,10672.002667632738
807,2.7073999954154715,11819.457802388506
808,3.696999992826022,8655.666773626064
809,2.6043000107165426,12287.37083604879
810,2.435000002151355,13141.683766623233
811,2.4416999949608,13105.623158472317
812,2.9301000031409785,10921.128960000331
813,2.8348000050755218,11288.274284854706
814,2.62690000818111,12181.658951745596
815,2.580100001068786,12402.620048348614
816,2.561999994213693,12490.242026648079
817,2.578300001914613,12411.278740347207
818,2.7086000045528635,11814.221349114474
819,2.580200001830235,12402.139360243846
820,2.4619999894639477,12997.563012568238
821,2.490600003511645,12848.30962614683
822,2.440800002659671,13110.4555740456
823,4.952900009811856,6460.86130077469
824,4.488300008233637,7129.648183342706
825,4.1705000039655715,7672.940887081262
826,2.5855999992927536,12376.237627147682
827,2.4261999933514744,13189.349636340668
828,2.5086999958148226,12755.610496824847
829,2.718299991101958,11772.06346052618
830,2.7603999915299937,11592.522858349783
831,4.7713000094518065,6706.767534342617
832,3.0229999974835664,10585.511090518603
833,2.8910000110045075,11068.834271253176
834,2.662899991264567,12016.974015161468
835,2.546000003349036,12568.735254480303
836,2.395899995462969,13356.150115028702
837,2.3935999925015494,13368.98399910038
838,2.967100008390844,10784.941494895771
839,2.5356000114697963,12620.28705444387
840,2.5687000015750527,12457.663401868074
841,2.6413000014144927,12115.246273752726
842,2.5187999999616295,12704.46244262644
843,2.5077000027522445,12760.697039071436
844,2.3652000090805814,13529.51119446312
845,2.3886000126367435,13396.968864902428
846,2.321799998753704,13782.41020638167
847,2.4120999878505245,13266.44838985962
848,2.358900004765019,13565.644976624464
849,2.3080999962985516,13864.217343840251
850,2.3724000056972727,13488.450481854923
851,2.4065000034170225,13297.319740105031
852,2.3449000000255182,13646.637383108773
853,2.3072000039974228,13869.625496080636
854,2.7483000012580305,11643.561469036147
855,2.3427999985869974,13658.869736767978
856,2.3080999962985516,13864.217343840251
857,2.327000009245239,13751.61146233909
858,2.4272000009659678,13183.915617693128
859,2.354600001126528,13590.418748275722
860,2.7531999949133024,11622.838899869921
861,2.493199994205497,12834.91098763514
862,2.3477000067941844,13630.361591086088
863,2.3422000085702166,13662.368663184418
864,2.7885999879799783,11475.292310813047
865,2.41430000460241,13254.35941639316
866,3.726099996129051,8588.067962009602
867,4.9915999989025295,6410.770095167007
868,2.720799995586276,11761.246711228645
869,2.136800001608208,14975.664533843139
870,2.1050999930594116,15201.178141420893
871,2.0609999919543043,15526.443534653587
872,2.030999996350147,15755.785355739194
873,2.151099994080141,14876.10993820114
874,2.053700009128079,15581.633080668853
875,2.0843999955104664,15352.139737537875
876,2.004900001338683,15960.895794619892
877,2.016600003116764,15868.293142190952
878,2.473100001225248,12939.226066130055
879,2.410900007816963,13273.051514473867
880,2.3465999984182417,13636.751053255794
881,2.4402999988524243,13113.141832991158
882,2.3545000003650784,13590.995963065712
883,2.335299999685958,13702.736266990636
884,2.2581999946851283,14170.578370080066
885,2.376299991738051,13466.31322276564
886,2.2502000065287575,14220.958095793623
887,2.382999999099411,13428.451536757664
888,2.246600008220412,14243.746053107157
889,2.257499989354983,14174.972381347872
890,2.24539999908302,14251.358338411068
891,2.241199996205978,14278.065346319512
892,2.2803000028943643,14033.241222375427
893,2.1905000030528754,14608.536843369988
894,2.1976999996695668,14560.677073673081
895,2.205500000854954,14509.181585851424
896,2.3890000011306256,13394.725820366504
897,2.2836999996798113,14012.348383976265
898,2.1696000039810315,14749.262509809514
899,2.802599992719479,11417.96905842031
900,2.7476000104798004,11646.527834454328
901,2.0973999926354736,15256.984891942628
902,2.1087000059196725,15175.226400231246
903,2.0499999955063686,15609.7561317778
904,2.0656000124290586,15491.866676728641
905,2.9206999897724018,10956.277643050093
906,3.0695000023115426,10425.150668155016
907,3.025600002729334,10576.414585911367
908,2.4076999980024993,13290.692373031594
909,2.9956999933347106,10681.977524851778
910,2.66909999481868,11989.060006039173
911,2.461399999447167,13000.731294055104
912,2.7320000081090257,11713.030711939507
913,2.4750999873504043,12928.770620800664
914,2.4111999955493957,13271.400157210413
915,2.907200003392063,11007.15463767991
916,2.4290000001201406,13174.145738335632
917,2.416499992250465,13242.292614368554
918,2.4181999906431884,13232.98326185532
919,3.1029999954625964,10312.600724071039
920,2.5828999932855368,12389.174990586806
921,3.7283999990904704,8582.770091139975
922,2.3317000013776124,13723.892430884674
923,2.3643000022275373,13534.661409233615
924,2.336799996555783,13693.940451542667
925,2.352499999688007,13602.55048001866
926,2.4015999952098355,13324.450392998962
927,2.3603000008733943,13557.598605329353
928,2.332599993678741,13718.597310605677
929,2.39210001018364,13377.367109974379
930,2.3075000062817708,13867.82228077379
931,2.3139999975683168,13828.867775984194
932,2.619599996251054,12215.605453426342
933,2.3744000063743442,13477.0889126063
934,2.2677999950246885,14110.591793899193
935,2.1376000076998025,14970.059826316194
936,2.08240000938531,15366.884294937105
937,2.05650000134483,15560.418176063158
938,2.654900003108196,12053.184663277842
939,2.251699988846667,14211.484726431327
940,2.1953999967081472,14575.9315149776
941,2.1856999956071377,14640.61859555942
942,2.180499999667518,14675.533136839878
943,2.4625000078231096,12994.923816584482
944,2.7092999953310937,11811.168956979753
945,2.4728999997023493,12940.272556048236
946,2.3962999985087663,13353.920635944505
947,2.488199999788776,12860.702516966678
948,2.7012999926228076,11846.148183241889
949,3.874100002576597,8259.982958291565
950,2.990299995872192,10701.267446133423
951,2.7221000054851174,11755.629820917302
952,3.9461999986087903,8109.066953342814
953,4.932000010740012,6488.240050753492
954,2.5621000095270574,12489.754451820534
955,2.402099999017082,13321.676871526628
956,3.0112999957054853,10626.639672445874
957,2.810299993143417,11386.684723365388
958,3.0187000083969906,10600.589628312502
959,2.501100010704249,12794.370422232567
960,2.6906999992206693,11892.815999282133
961,2.7584000054048374,11600.928051514962
962,2.5255000073229894,12670.758228949582
963,3.0396000074688345,10527.7009874228
964,2.799199995934032,11431.837684510392
965,2.673399998457171,11969.77632171292
966,2.5896000006468967,12357.120787768852
967,2.5206999998772517,12694.886341713918
968,4.007399998954497,7985.227331523825
969,2.881099993828684,11106.868928028876
970,2.7934999961871654,11455.163788679665
971,2.5403000036021695,12596.93735173944
972,6.196400005137548,5164.288937684497
973,3.166599999531172,10105.475906252046
974,2.5126000109594315,12735.811454438728
975,2.387399988947436,13403.70283494399
976,2.3681000020587817,13512.942853840548
977,2.4791000032564625,12907.910111720332
978,3.104999996139668,10305.958144858107
979,2.349700007471256,13618.75979837884
980,2.2954000014578924,13940.925320064316
981,2.340899998671375,13669.956007587783
982,3.5617000103229657,8984.47368033624
983,2.6010000001406297,12302.960399181022
984,2.3321000044234097,13721.538501481074
985,2.4935999972512946,12832.852115525237
986,2.5572000013198704,12513.686838527903
987,3.330199993797578,9609.032508437715
988,5.518199992366135,5798.992433088457
989,5.0036000029649585,6395.395311583244
990,6.261100003030151,5110.92299827716
991,4.061200001160614,7879.444496911013
992,2.7147999935550615,11787.240340344792
993,3.8732999964850023,8261.689006542178
994,3.009699998074211,10632.288939254924
995,2.878900006180629,11115.356535933899
996,4.031899996334687,7936.704786599496
997,6.429199987906031,4977.291118676539
998,5.358099995646626,5972.26629327551
999,4.383699997561052,7299.769605083321
1000,2.924100001109764,10943.538178535364
1001,2.868799987481907,11154.489730769987
1002,3.962400005548261,8075.913576416496
1003,3.1580999930156395,10132.674731886342
1004,2.9701000021304935,10774.04800412308
1005,2.641099999891594,12116.163720159579
1006,3.534799994667992,9052.84600211323
1007,2.6768999960040674,11954.126059160926
1008,2.8120000060880557,11379.800828847488
1009,2.4871999921742827,12865.873311629417
1010,2.595500001916662,12329.031006114205
1011,2.6005999970948324,12304.85274003986
1012,2.387300002737902,13404.264216185831
1013,2.410999994026497,13272.501069798143
1014,2.4683999945409596,12963.863259913407
1015,2.4366999859921634,13132.515362563356
1016,2.4444000009680167,13091.147106581391
1017,2.3355000012088567,13701.562827418871
1018,2.3336000012932345,13712.71853885252
1019,2.448200000799261,13070.827542501836
1020,2.280599990626797,14031.395304533507
1021,2.3852999875089154,13415.503361243529
1022,2.614600001834333,12238.965798802747
1023,2.706600003875792,11822.951287289108
1024,2.310700001544319,13848.617292860741
1025,2.399599994532764,13335.555956371325
1026,2.285800001118332,13999.47501283749
1027,2.246100004413165,14246.91685015182
1028,2.1887000038987026,14620.55098597287
1029,2.1818999957758933,14666.116715684147
1030,2.596100006485358,12326.181549270175
1031,2.287900002556853,13986.625273936035
1032,2.598900013254024,12312.901549426491
1033,2.432700013741851,13154.108529304149
1034,2.6956999936373904,11870.75715974663
1035,2.7701000071829185,11551.929503275489
1036,2.9580000118585303,10818.120308219402
1037,2.716499991947785,11779.86383024259
1038,2.5329000054625794,12633.73995459244
1039,2.6560999976936728,12047.73917690826
1040,2.693399990675971,11880.89407840566
1041,2.9852000006940216,10719.549776417125
1042,3.3671999990474433,9503.445001500526
1043,2.752400003373623,11626.217105354428
1044,2.6089000020874664,12265.705843227319
1045,2.5649000017438084,12476.119918220607
1046,2.7919999993173406,11461.318054378287
1047,2.649600006407127,12077.294656785643
1048,2.512799997930415,12734.797845572964
1049,2.5840000016614795,12383.900920829878
1050,2.596199992694892,12325.706836931138
1051,2.737700007855892,11688.643718513817
1052,2.6291999965906143,12171.002602120661
1053,2.5070999981835485,12763.750956557271
1054,2.5403000036021695,12596.93735173944
1055,3.4343000006629154,9317.76489934575
1056,3.151400000206195,10154.217172655408
1057,2.5182000099448487,12707.489426425995
1058,2.569099990068935,12455.723842473475
1059,2.6763000059872866,11956.806011437871
1060,2.9397000034805387,10885.464490292452
1061,3.361999988555908,9518.143994326743
1062,2.748800005065277,11641.443517546879
1063,2.645400003530085,12096.46932686869
1064,2.8276999946683645,11316.617767208714
1065,2.554699996835552,12525.932610340808
1066,2.9584000003524125,10816.65765149678
1067,2.6597000105539337,12031.43206866228
1068,2.4628999963169917,12992.813369545105
1069,2.555600003688596,12521.521346773034
1070,2.4608999956399202,13003.372772845602
1071,2.658900004462339,12035.052069011816
1072,2.482900003087707,12888.154964036068
1073,2.512400009436533,12736.825298443135
1074,2.351900009671226,13606.020608194693
1075,2.4046000035014004,13307.82664617981
1076,2.824199997121468,11330.64231733433
1077,2.7150000096298754,11786.371965561219
1078,2.3636999976588413,13538.097064642228
1079,2.959500008728355,10812.637237919736
1080,2.3785999946994707,13453.29188232976
1081,2.5061000051209703,12768.843994497876
1082,2.7790000021923333,11514.933420207062
1083,3.1663999980082735,10106.11420544739
1084,3.241900005377829,9870.754787907328
1085,2.5941000058082864,12335.68479563271
1086,4.44029999198392,7206.720279658952
1087,3.364000003784895,9512.485126039312
1088,2.8107999969506636,11384.659184116856
1089,3.87590000173077,8256.146955729124
1090,3.168700000969693,10098.778675863063
1091,3.5401000059209764,9039.29266022953
1092,2.498999994713813,12805.12207590647
1093,2.4028000043472275,13317.79588068275
1094,2.445100006298162,13087.399254661748
1095,3.5171000054106116,9098.404921887937
1096,2.843800000846386,11252.549402375695
1097,2.7009999903384596,11847.46394463708
1098,2.5286000018240884,12655.224225625148
1099,2.7606999938143417,11591.263111420869
1100,5.448000010801479,5873.715113170923
1101,4.412499998579733,7252.124648226618
1102,3.998399988631718,8003.201303266969
1103,3.524900006595999,9078.271707032747
1104,2.706999992369674,11821.20431850744
1105,2.528800003346987,12654.22333029361
1106,2.4359999952139333,13136.289024167141
1107,2.4742000096011907,12933.473395773686
1108,3.078199995798059,10395.685804587765
1109,2.46760000300128,12968.066121364565
1110,2.533699997002259,12629.750972041174
1111,2.6107000012416393,12257.249007844992
1112,2.748800005065277,11641.443517546879
1113,3.5854000016115606,8925.085063205412
1114,2.6486999995540828,12081.398423901273
1115,2.4548999936087057,13035.154215369876
1116,2.5313999940408394,12641.226228699967
1117,2.689100001589395,11899.892150193882
1118,3.286100007244386,9737.987258286195
1119,2.531899997848086,12638.729818396247
1120,2.434000009088777,13147.08294186898
1121,2.513400002499111,12731.757765648892
1122,2.511900005629286,12739.360614788206
1123,2.6710000092862174,11980.531594438855
1124,2.879799998481758,11111.882775495009
1125,2.5209000014001504,12693.879163087255
1126,2.473199987434782,12938.702960770508
1127,2.482299998519011,12891.270200657387
1128,2.410999994026497,13272.501069798143
1129,2.6503999979468063,12073.649269842115
1130,2.4763999972492456,12921.983538824585
1131,2.4090000079013407,13283.520089266243
1132,2.3418000055244192,13664.702333465904
1133,2.2883000056026503,13984.180361688383
1134,2.241499998490326,14276.154370534168
1135,2.8015999996569008,11422.044547372536
1136,2.2926999954506755,13957.34289854603
1137,2.3723000049358234,13489.019067327314
1138,2.327900001546368,13746.294934809557
1139,2.3167000035755336,13812.75087435233
1140,3.065600001718849,10438.413355316396
1141,2.415599999949336,13247.226362258303
1142,2.2945000091567636,13946.393494136488
1143,2.297200000612065,13930.001737538712
1144,2.3479999945266172,13628.620133984095
1145,2.2886999940965325,13981.73639294828
1146,2.824400013196282,11329.839913074718
1147,2.5277999957324937,12659.229390783821
1148,2.3225999902933836,13777.663021499393
1149,2.264299997477792,14132.402965881225
1150,2.282300003571436,14020.943762837971
1151,3.197900005034171,10006.566793716262
1152,2.468499995302409,12963.338084219753
1153,2.5215999921783805,12690.35536931279
1154,2.402300000539981,13320.567786207863
1155,2.745100005995482,11657.13450515823
1156,2.554899998358451,12524.952060965332
1157,3.1365000031655654,10202.454955429128
1158,2.524199997424148,12677.28390486285
1159,2.4498999991919845,13061.757627068086
1160,2.4258000048575923,13191.524419128104
1161,2.582600005553104,12390.614083169532
1162,3.532699993229471,9058.22743548249
1163,2.522599999792874,12685.324666069715
1164,2.4514000106137246,13053.765138880204
1165,2.5737999967532232,12432.978491089869
1166,2.4840000114636496,12882.447605603918
1167,2.5231999898096547,12682.3082313083
1168,2.49430000258144,12829.250678299346
1169,2.473999993526377,12934.51903142005
1170,2.441499993437901,13106.696738073906
1171,2.4664999946253374,12973.849612702235
1172,2.391300004092045,13381.842489541628
1173,3.0346999992616475,10544.699643386728
1174,2.4547000066377223,13036.21620298579
1175,2.4344999983441085,13144.382839090438
1176,2.4224000080721453,13210.039586099176
1177,2.482700001564808,12889.193208938206
1178,2.4285999970743433,13176.315588631054
1179,2.4812000046949834,12896.985305275217
1180,2.437999995891005,13125.512737462128
1181,2.4776000063866377,12915.724861766203
1182,2.461700001731515,12999.14692183929
1183,2.3896000056993216,13391.36253920251
1184,2.8633000038098544,11175.915886362374
1185,2.4161000037565827,13244.48489311121
1186,2.391500005614944,13380.723363942292
1187,3.9579000003868714,8085.0956307314755
1188,3.684299997985363,8685.503356810828
1189,3.750799995032139,8531.513288467359
1190,2.431500004604459,13160.600427473806
1191,2.4169999960577115,13239.553186675274
1192,2.162600008887239,14797.00354596111
1193,2.0807000109925866,15379.439530417734
1194,2.5284000003011897,12656.225279302354
1195,2.1554999984800816,14845.74345746431
1196,2.4230999988503754,13206.223439058313
1197,2.098700002534315,15247.534169418186
1198,2.05719999212306,15555.123528352506
1199,2.106100000673905,15193.960395878978
1200,2.092599999741651,15291.98126921087
1201,2.099999997881241,15238.095253469452
1202,2.1099000005051494,15166.595569618752
1203,2.1068000060040504,15188.912050885232
1204,2.07500001124572,15421.686663408207
1205,2.06610000168439,15488.117697067892
1206,2.0825999963562936,15365.408650718831
1207,2.1084000036353245,15177.38566914498
1208,2.2010999964550138,14538.185476142688
1209,2.1022000000812113,15222.148225080291
1210,2.052800002275035,15588.46451896712
1211,2.054700002190657,15574.049723016791
1212,2.108800006681122,15174.506780452044
1213,2.1164000063436106,15120.015074695008
1214,2.710300002945587,11806.811041295063
1215,2.055699995253235,15566.473743197155
1216,2.1186000085435808,15104.314108824257
1217,2.064800006337464,15497.868995439178
1218,2.0819999917875975,15369.836756111088
1219,2.061400009552017,15523.430606248146
1220,3.6684999940916896,8722.911285685612
1221,3.8223000010475516,8371.922662069952
1222,3.7646999990101904,8500.013283505563
1223,4.065700006322004,7870.723356430936
1224,4.2421999969519675,7543.255863229478
1225,3.7311000050976872,8576.559179941407
1226,3.743399996892549,8548.37848655331
1227,2.289399999426678,13977.461347083772
1228,2.4810000031720847,12898.024973432637
1229,2.1137000003363937,15139.32913606814
1230,2.135899994755164,14981.974848344025
1231,2.0944999996572733,15278.109336469905
1232,2.120899996953085,15087.93438916104
1233,2.072300005238503,15441.779626071606
1234,2.1314999903552234,15012.901780340644
1235,2.1058999991510063,15195.403396600408
1236,2.0669000077759847,15482.122927868426
1237,2.096600001095794,15262.806440558574
1238,2.048599999397993,15620.423708583228
1239,2.142000012099743,14939.308972566854
1240,2.0558999967761338,15564.959409591589
1241,2.3636999976588413,13538.097064642228
1242,2.084800013108179,15349.194070798167
1243,2.0709000091301277,15452.218773924027
1244,2.04459999804385,15650.983092348464
1245,2.2253000061027706,14380.083544799196
1246,2.060800004983321,15527.950273010114
1247,2.0446000125957653,15650.982980956613
1248,2.0586000027833506,15544.544815279356
1249,2.062999992631376,15511.39123329986
1250,2.1609000104945153,14808.644474334978
1251,2.2664999996777624,14118.6851994483
1252,2.1477999980561435,14898.966397691336
1253,2.0755000005010515,15417.971569392821
1254,2.5603999965824187,12498.047196810301
1255,2.104500003042631,15205.51197611558
1256,2.071599999908358,15446.997490546242
1257,2.422000005026348,13212.221277287688
1258,2.2905000078026205,13970.74869722399
1259,2.0915000059176236,15300.023862997952
1260,2.084299994749017,15352.876304091393
1261,2.0643999887397513,15500.872008595075
1262,2.2437000006902963,14262.15625536163
1263,2.3378000041702762,13688.08278848358
1264,2.321199994185008,13785.972807239928
1265,2.238700006273575,14294.009876412854
1266,2.3204000026453286,13790.725721220047
1267,2.374099989538081,13478.792022667129
1268,3.3308999991277233,9607.01312209312
1269,2.500700007658452,12796.41696404977
1270,2.280500004417263,14032.010496828292
1271,2.2324000019580126,14334.348670459221
1272,2.3210000072140247,13787.160663739372
1273,2.257100000861101,14177.484377206041
1274,2.3224000033224,13778.849446357712
1275,2.356899989536032,13577.156494578017
1276,2.322000000276603,13781.223081907008
1277,2.3790999985067174,13450.464469793344
1278,2.886900008888915,11084.554332145324
1279,4.728300002170727,6767.760079798034
1280,2.65650000073947,12045.925086050216
1281,2.556499995989725,12517.113260393924
1282,3.4595000033732504,9249.8915938135
1283,2.5135000032605603,12731.251226771032
1284,2.340299994102679,13673.460701891545
1285,2.174699999159202,14714.673293958738
1286,2.1388000022852793,14961.660728356286
1287,2.0767999958479777,15408.32052387119
1288,2.978899996378459,10742.220295714322
1289,2.149799998733215,14885.105599988941
1290,2.0798000041395426,15386.094786185502
1291,2.077799988910556,15400.904885353486
1292,2.079699988826178,15386.834722281941
1293,2.0392999867908657,15691.659004204008
1294,2.9529000021284446,10836.804489462718
1295,2.4947000056272373,12827.193621605138
1296,2.2126999974716455,14461.969556001712
1297,2.071099996101111,15450.726696074871
1298,2.075900003546849,15415.00069624034
1299,2.0803000079467893,15382.396710935604
1300,2.169100000173785,14752.662393359555
1301,2.6302000042051077,12166.37516114329
1302,2.226399999926798,14372.97880032884
1303,2.165800004149787,14775.140797251044
1304,2.196899993577972,14565.97937709642
1305,2.1987999934935942,14553.392802751629
1306,2.2277999960351735,14363.946519862893
1307,2.246700008981861,14243.112063057082
1308,2.246699994429946,14243.112155309967
1309,2.228899989859201,14356.857708102656
1310,2.2354999964591116,14314.471058235717
1311,2.37649999326095,13465.179924570806
1312,2.3492000036640093,13621.658415669213
1313,5.187199989450164,6169.031474607162
1314,4.5741000067209825,6995.911753783389
1315,4.377300007035956,7310.442498472586
1316,2.3628000053577125,13543.253736007762
1317,2.1373000054154545,14972.161099948038
1318,2.136899987817742,14974.963817880516
1319,2.144300000509247,14923.284984563894
1320,2.4590999964857474,13012.890913639374
1321,2.1521000016946346,14869.197516287415
1322,2.515900006983429,12719.106447464932
1323,2.083300001686439,15360.245751498049
1324,2.104200000758283,15207.679872858225
1325,2.0850000000791624,15347.72182195925
1326,2.1665000094799325,14770.366886673399
1327,2.108800006681122,15174.506780452044
1328,2.1591999975498766,14820.303833045375
1329,2.0684000046458095,15470.895343321004
1330,2.118400007020682,15105.740131206288
1331,2.3016000050120056,13903.371537328912
1332,2.1561999892583117,14840.92392144355
1333,2.127699990523979,15039.714312410888
1334,2.0339999900897965,15732.546782651298
1335,2.4203999928431585,13220.95525310704
1336,2.1398000098997727,14954.668591434798
1337,2.161500000511296,14804.533885001389
1338,2.157800001441501,14829.919352406458
1339,2.1342999971238896,14993.206223643403
1340,2.1059000137029216,15195.403291599117
1341,2.3969000030774623,13350.577812555426
1342,2.085200001602061,15346.24974842431
1343,2.1164999925531447,15119.300785538033
1344,2.44320000638254,13097.576914048868
1345,2.1852999925613403,14643.298452810375
1346,2.1037999977124855,15210.57136362506
1347,12.316899999859743,81.18926028557408
